{
  "top_k_layers": [
    35,
    29,
    24,
    6
  ],
  "k_layers": 4,
  "num_heads": 32,
  "gamma": 0.3,
  "tau": 0.1,
  "threshold": 0.5,
  "train_history": {
    "train_loss": [
      0.6123528772709417,
      0.39981242196232664,
      0.226478314575027,
      0.08315755229662447,
      0.021401375313015544,
      0.007519717565646358,
      0.004108458761965819,
      0.0019123144493456564,
      0.0014245204431205696,
      0.0010423483737908741,
      0.0006753376356380828,
      0.0007668452624998548,
      0.0006919227604407305,
      0.0006745304078018913,
      0.0005221935171707004,
      0.0004633273335867653,
      0.00047710913178675314,
      0.00032622360295670876,
      0.0003245014939274566,
      0.00023460804254236612,
      0.00021282651441116983,
      0.00020947451226746518,
      0.0001655816291424665,
      0.00018337935919179489,
      0.0001725901965983212,
      0.00013754593594200617,
      0.00022708350682959836,
      0.00018921253778149977,
      0.00012072967736315274,
      0.00012003858607974561,
      0.00013700527023163386,
      0.00013065908398643574,
      0.00016572778144572842,
      0.00010835379019708318,
      7.466592044283079e-05,
      0.00012672984374540987,
      0.0002059131323168164,
      0.0001335930084643027,
      0.00014430300592828323,
      9.72301050376914e-05,
      8.799461448135986e-05,
      0.00011734208708409878,
      8.905051628757706e-05,
      9.341823583692495e-05,
      9.267457205044361e-05,
      0.00010475624060513927,
      0.00011378376660229383,
      7.83954886833717e-05,
      0.00011609938433941673,
      0.000102502484058313
    ],
    "val_loss": [
      0.6865320801734924,
      0.6612710356712341,
      0.5658050179481506,
      0.3689677119255066,
      0.1631898581981659,
      0.049424029886722565,
      0.010960457846522331,
      0.0034225573763251305,
      0.0014796730829402804,
      0.0008653629338368773,
      0.0005865661660209298,
      0.0004241962742526084,
      0.0003280389937572181,
      0.00025610034936107695,
      0.00022142314992379397,
      0.00019534565217327327,
      0.0001649392070248723,
      0.0001499205536674708,
      0.00013521203072741628,
      0.00011713284766301513,
      0.00010589387966319919,
      9.283969848183915e-05,
      8.681307372171432e-05,
      7.917574112070724e-05,
      7.505866960855201e-05,
      6.892622332088649e-05,
      6.352333730319515e-05,
      5.904165664105676e-05,
      5.602165765594691e-05,
      5.433163096313365e-05,
      5.261153637547977e-05,
      5.080332266516052e-05,
      4.759852890856564e-05,
      4.6763296268181875e-05,
      4.433942012838088e-05,
      4.3853164243046194e-05,
      4.2886014853138477e-05,
      4.2823372496059164e-05,
      4.16658294852823e-05,
      4.1589297325117514e-05,
      4.063866435899399e-05,
      4.009615440736525e-05,
      4.0340819396078587e-05,
      3.9835325878812e-05,
      3.863138044835068e-05,
      3.958584420615807e-05,
      4.0705683204578236e-05,
      3.9920378185343e-05,
      3.9614671550225466e-05,
      3.990661207353696e-05
    ],
    "val_acc": [
      0.5098039507865906,
      0.686274528503418,
      1.0,
      1.0,
      1.0,
      1.0,
      1.0,
      1.0,
      1.0,
      1.0,
      1.0,
      1.0,
      1.0,
      1.0,
      1.0,
      1.0,
      1.0,
      1.0,
      1.0,
      1.0,
      1.0,
      1.0,
      1.0,
      1.0,
      1.0,
      1.0,
      1.0,
      1.0,
      1.0,
      1.0,
      1.0,
      1.0,
      1.0,
      1.0,
      1.0,
      1.0,
      1.0,
      1.0,
      1.0,
      1.0,
      1.0,
      1.0,
      1.0,
      1.0,
      1.0,
      1.0,
      1.0,
      1.0,
      1.0,
      1.0
    ],
    "best_val_acc": 1.0
  },
  "lstp_params": 49985
}